{"text": " Est-ce que tu peux regarder partout sur internet, ce que tu trouves sur les taux d'emprunt, au cr\u00e9dement pour acheter une voiture ? Je voudrais en pr\u00eater pour acheter une voiture, certainement 25-30 000 \u20ac, est-ce qu'il y a des bons plans ou pas et quels sont les taux d'int\u00e9r\u00eat auquel j'ai droit et sur quel dur\u00e9 ?", "segments": [{"id": 0, "seek": 0, "start": 0.0, "end": 7.0, "text": " Est-ce que tu peux regarder partout sur internet, ce que tu trouves sur les taux d'emprunt,", "tokens": [50364, 4410, 12, 384, 631, 2604, 14844, 31468, 32955, 1022, 4705, 11, 1769, 631, 2604, 3455, 977, 1022, 1512, 256, 7511, 274, 6, 443, 1424, 2760, 11, 50714], "temperature": 0.0, "avg_logprob": -0.39775825269294507, "compression_ratio": 1.5285714285714285, "no_speech_prob": 0.21434156596660614}, {"id": 1, "seek": 0, "start": 7.0, "end": 12.0, "text": " au cr\u00e9dement pour acheter une voiture ? Je voudrais en pr\u00eater pour acheter une voiture,", "tokens": [50714, 1609, 15609, 1479, 518, 2016, 2800, 2398, 2251, 38859, 2506, 2588, 39520, 20769, 465, 582, 37754, 2016, 2800, 2398, 2251, 38859, 11, 50964], "temperature": 0.0, "avg_logprob": -0.39775825269294507, "compression_ratio": 1.5285714285714285, "no_speech_prob": 0.21434156596660614}, {"id": 2, "seek": 0, "start": 12.0, "end": 19.0, "text": " certainement 25-30 000 \u20ac, est-ce qu'il y a des bons plans ou pas et quels sont les taux d'int\u00e9r\u00eat auquel j'ai droit et sur quel dur\u00e9 ?", "tokens": [50964, 1629, 1712, 3552, 12, 3446, 13711, 17450, 11, 871, 12, 384, 421, 6, 388, 288, 257, 730, 33922, 5482, 2820, 1736, 1030, 421, 1625, 4900, 1512, 256, 7511, 274, 6, 686, 44791, 1609, 20593, 361, 6, 1301, 25971, 1030, 1022, 7178, 4861, 526, 2506, 51314], "temperature": 0.0, "avg_logprob": -0.39775825269294507, "compression_ratio": 1.5285714285714285, "no_speech_prob": 0.21434156596660614}], "language": "French"}